{"stats":{"minecraft:custom":{"minecraft:jump":225,"minecraft:time_since_rest":6761,"minecraft:crouch_one_cm":118,"minecraft:leave_game":3,"minecraft:play_time":6761,"minecraft:sprint_one_cm":13130,"minecraft:damage_taken":80,"minecraft:time_since_death":6761,"minecraft:walk_one_cm":17408,"minecraft:sneak_time":221,"minecraft:total_world_time":6761,"minecraft:fall_one_cm":5482,"minecraft:fly_one_cm":23855},"minecraft:picked_up":{"minecraft:oak_log":2},"minecraft:used":{"minecraft:oak_planks":8},"minecraft:mined":{"minecraft:oak_log":2},"minecraft:crafted":{"minecraft:oak_planks":8}},"DataVersion":3955}